{
  "von": "de",
  "vom": "de",
  "zu": "de",
  "von und zu": "de",
  "de": "fr",
  "du": "fr",
  "des": "fr",
  "d'": "fr",
  "de la": "fr",
  "de le": "fr",
  "de l'": "fr",
  "le": "fr",
  "del": "it",
  "della": "it",
  "dei": "it",
  "degli": "it",
  "da": "it",
  "di": "it",
  "y": "es",
  "de los": "es",
  "de las": "es",
  "do": "pt",
  "dos": "pt",
  "von dem": "de",
  "O'": "en",
  "Mac": "en",
  "Mc": "en",
  "Fitz": "en",
  "ap": "en",
  "fitz": "en",
  "ze": "pl",
  "din": "ro",
  "z": "cs",
  "od": "sr"
}