{
  "Mr.": { "lang": "en", "gender": "Männlich" },
  "Mr": { "lang": "en", "gender": "Männlich" },
  "mr.": { "lang": "en", "gender": "Männlich" },
  "mr": { "lang": "en", "gender": "Männlich" },
  "Mrs.": { "lang": "en", "gender": "Weiblich" },
  "Mrs": { "lang": "en", "gender": "Weiblich" },
  "mrs.": { "lang": "en", "gender": "Weiblich" },
  "mrs": { "lang": "en", "gender": "Weiblich" },
  "Miss": { "lang": "en", "gender": "Weiblich" },
  "miss": { "lang": "en", "gender": "Weiblich" },
  "Ms.": { "lang": "en", "gender": "Weiblich" },
  "Ms": { "lang": "en", "gender": "Weiblich" },
  "ms.": { "lang": "en", "gender": "Weiblich" },
  "ms": { "lang": "en", "gender": "Weiblich" },
  "Mx.": { "lang": "en", "gender": "Nichtbinär" },
  "Mx": { "lang": "en", "gender": "Nichtbinär" },
  "mx.": { "lang": "en", "gender": "Nichtbinär" },
  "mx": { "lang": "en", "gender": "Nichtbinär" },

  "Herr": { "lang": "de", "gender": "Männlich" },
  "herr": { "lang": "de", "gender": "Männlich" },
  "Frau": { "lang": "de", "gender": "Weiblich" },
  "frau": { "lang": "de", "gender": "Weiblich" },
  "Fräulein": { "lang": "de", "gender": "Weiblich" },

  "Monsieur": { "lang": "fr", "gender": "Männlich" },
  "monsieur": { "lang": "fr", "gender": "Männlich" },
  "Madame": { "lang": "fr", "gender": "Weiblich" },
  "madame": { "lang": "fr", "gender": "Weiblich" },
  "Mme": { "lang": "fr", "gender": "Weiblich" },
  "mme": { "lang": "fr", "gender": "Weiblich" },
  "Mme.": { "lang": "fr", "gender": "Weiblich" },
  "mme.": { "lang": "fr", "gender": "Weiblich" },
  "Mademoiselle": { "lang": "fr", "gender": "Weiblich" },
  "Mlle": { "lang": "fr", "gender": "Weiblich" },

  "Señor": { "lang": "es", "gender": "Männlich" },
  "Sr.": { "lang": "es", "gender": "Männlich" },
  "Señora": { "lang": "es", "gender": "Weiblich" },
  "Sra.": { "lang": "es", "gender": "Weiblich" },
  "Señorita": { "lang": "es", "gender": "Weiblich" },
  "Srta.": { "lang": "es", "gender": "Weiblich" },
  "Don": { "lang": "es", "gender": "Männlich" },
  "Doña": { "lang": "es", "gender": "Weiblich" },

  "Signore": { "lang": "it", "gender": "Männlich" },
  "Sig.": { "lang": "it", "gender": "Männlich" },
  "Signora": { "lang": "it", "gender": "Weiblich" },
  "Sig.ra": { "lang": "it", "gender": "Weiblich" },
  "Signorina": { "lang": "it", "gender": "Weiblich" },
  "Sig.na": { "lang": "it", "gender": "Weiblich" },

  "Senhor": { "lang": "pt", "gender": "Männlich" },
  "Senhora": { "lang": "pt", "gender": "Weiblich" },
  "Senhorita": { "lang": "pt", "gender": "Weiblich" },

  "Pan": { "lang": "pl", "gender": "Männlich" },
  "Pani": { "lang": "pl", "gender": "Weiblich" },
  "Panienka": { "lang": "pl", "gender": "Weiblich" },

  "Pán": { "lang": "cs", "gender": "Männlich" },
  "Paní": { "lang": "cs", "gender": "Weiblich" },

  "Domnul": { "lang": "ro", "gender": "Männlich" },
  "Doamna": { "lang": "ro", "gender": "Weiblich" },

  "Gospodin": { "lang": "sr", "gender": "Männlich" },
  "Gospođa": { "lang": "sr", "gender": "Weiblich" }
}